Date,Open,High,Low,Close,Adj Close,Volume
2020-05-21 00:00:00-04:00,50.02999878,50.13000107,49.86000061,49.93500137,39.58302307,6200
2020-05-22 00:00:00-04:00,49.93000031,50.09999847,49.88999939,50.09400177,39.7090683,9500
2020-05-26 00:00:00-04:00,50.5,50.59999847,50.23799896,50.23799896,39.82320786,5600
2020-05-27 00:00:00-04:00,50.72000122,50.72000122,50.40000153,50.6269989,40.13157654,352100
2020-05-28 00:00:00-04:00,51.06000137,56.27000046,50.91999817,51.13999939,40.53822327,53300
2020-05-29 00:00:00-04:00,51.02999878,53.02000046,50.90999985,51.19400024,40.58102036,55300
2020-06-01 00:00:00-04:00,51.29999924,51.29999924,51.16799927,51.16799927,40.56042099,10500
2020-06-02 00:00:00-04:00,51.13999939,51.27000046,51.11999893,51.22700119,40.60718536,11000
2020-06-03 00:00:00-04:00,51.40000153,51.58000183,51.31100082,51.43899918,40.77523804,10000
2020-06-04 00:00:00-04:00,51.31000137,51.32799911,51.09000015,51.14199829,40.53979874,4800
2020-06-05 00:00:00-04:00,52.08000183,52.08000183,51.41899872,51.41899872,40.75938416,7100
2020-06-08 00:00:00-04:00,51.32600021,51.32899857,51.11500168,51.32699966,40.68644333,21700
2020-06-09 00:00:00-04:00,51.29000092,51.29000092,51.05599976,51.05599976,40.47162628,11800
2020-06-10 00:00:00-04:00,51.11999893,51.29899979,51.10499954,51.10499954,40.51047516,4200
2020-06-11 00:00:00-04:00,51.43999863,51.43999863,50.11999893,50.13299942,39.73998642,4400
2020-06-12 00:00:00-04:00,50.00500107,50.04999924,49.5,49.93000031,39.57906723,3700
2020-06-15 00:00:00-04:00,49.5890007,50.29999924,49.5890007,50.29999924,39.8723526,4400
2020-06-16 00:00:00-04:00,50.79000092,50.79000092,50.64799881,50.64799881,40.14821625,400
2020-06-17 00:00:00-04:00,50.71900177,50.86000061,50.63100052,50.63100052,40.13475037,10200
2020-06-18 00:00:00-04:00,50.75,50.81000137,50.61899948,50.69200134,40.1830864,6200
2020-06-19 00:00:00-04:00,50.81000137,50.95000076,50.59000015,50.65499878,40.15376282,5000
2020-06-22 00:00:00-04:00,50.81000137,50.86999893,50.61999893,50.80099869,40.26949692,10400
2020-06-23 00:00:00-04:00,50.97999954,50.97999954,50.80799866,50.80799866,40.27505493,800
2020-06-24 00:00:00-04:00,50.29999924,50.29999924,50.25899887,50.27899933,39.85572052,1700
2020-06-25 00:00:00-04:00,50.04899979,50.40999985,50.04899979,50.34799957,39.91041183,4100
2020-06-26 00:00:00-04:00,50.33000183,50.33000183,49.56999969,49.70500183,39.40071487,7100
2020-06-29 00:00:00-04:00,49.79000092,50.20999908,49.79000092,50.17399979,39.77248764,9900
2020-06-30 00:00:00-04:00,50.36999893,50.93600082,50.36999893,50.93600082,40.37651443,18400
2020-07-01 00:00:00-04:00,50.65000153,50.81999969,50.54899979,50.74000168,40.61504364,11100
2020-07-02 00:00:00-04:00,51.36999893,51.36999893,50.8370018,50.8370018,40.6926918,3000
2020-07-06 00:00:00-04:00,51.70999908,51.70999908,51.22999954,51.38000107,41.12734604,119800
2020-07-07 00:00:00-04:00,51.29000092,51.34000015,51.06299973,51.13999939,40.93523026,26900
2020-07-08 00:00:00-04:00,51.27999878,51.33000183,50.95000076,51.19200134,40.97685242,27000
2020-07-09 00:00:00-04:00,51.40000153,51.40000153,50.52000046,50.92900085,40.76633072,36600
2020-07-10 00:00:00-04:00,51,51.31000137,50.83000183,51.26200104,41.03288269,22500
2020-07-13 00:00:00-04:00,51.40999985,51.84999847,51.15000153,51.20500183,40.98725891,22000
2020-07-14 00:00:00-04:00,51.06999969,51.68999863,51.04000092,51.67300034,41.36186981,23600
2020-07-15 00:00:00-04:00,52.40999985,52.40999985,51.84999847,51.89899826,41.5427742,27600
2020-07-16 00:00:00-04:00,51.90499878,52.04999924,51.86999893,52.04999924,41.66363907,26200
2020-07-17 00:00:00-04:00,52.29999924,52.43000031,52.16500092,52.38600159,41.9325943,13100
2020-07-20 00:00:00-04:00,52.52999878,52.52999878,52.31999969,52.43000031,41.96781921,32000
2020-07-21 00:00:00-04:00,54.45000076,55.66600037,52.40000153,52.57699966,42.08548355,302400
2020-07-22 00:00:00-04:00,52.70000076,52.90000153,52.61999893,52.84999847,42.30400467,11300
2020-07-23 00:00:00-04:00,52.99000168,53.15999985,52.66999817,52.81800079,42.27838898,71300
2020-07-24 00:00:00-04:00,52.81000137,52.94900131,52.56000137,52.75500107,42.22796631,56200
2020-07-27 00:00:00-04:00,52.90999985,52.95000076,52.82500076,52.91999817,42.36002731,33000
2020-07-28 00:00:00-04:00,53.09999847,53.22999954,52.95000076,53.0019989,42.42567062,55400
2020-07-29 00:00:00-04:00,53.27000046,53.40000153,53,53.2480011,42.62259674,121800
2020-07-30 00:00:00-04:00,52.97999954,53.21900177,52.93000031,53.11999893,42.52013397,37700
2020-07-31 00:00:00-04:00,53.11999893,53.22000122,52.70199966,53.22000122,42.60017395,38700
2020-08-03 00:00:00-04:00,53.25,53.25,52.97000122,53.09000015,42.72894287,44400
2020-08-04 00:00:00-04:00,53.02000046,53.13000107,52.97999954,53.11999893,42.75309372,42000
2020-08-05 00:00:00-04:00,53.02000046,53.22999954,53.02000046,53.13000107,42.76114273,52000
2020-08-06 00:00:00-04:00,53,53.22000122,53,53.22000122,42.8335762,24400
2020-08-07 00:00:00-04:00,53.22999954,53.49000168,53.11500168,53.48199844,43.04444504,18900
2020-08-10 00:00:00-04:00,53.72999954,53.72999954,53.50899887,53.63000107,43.1635704,51000
2020-08-11 00:00:00-04:00,53.61899948,53.61899948,53.29999924,53.38999939,42.97040176,43400
2020-08-12 00:00:00-04:00,53.52999878,53.75,53.52999878,53.68000031,43.20381165,33000
2020-08-13 00:00:00-04:00,53.68000031,53.72000122,53.52999878,53.65999985,43.18770981,12700
2020-08-14 00:00:00-04:00,53.79000092,53.84000015,53.70000076,53.75,43.26014328,11300
2020-08-17 00:00:00-04:00,53.93999863,54.04000092,53.75,53.99000168,43.45330811,21300
2020-08-18 00:00:00-04:00,54.11999893,54.11999893,53.91999817,53.93000031,43.40500641,50500
2020-08-19 00:00:00-04:00,53.98199844,54.00699997,53.81999969,53.81999969,43.31648254,32000
2020-08-20 00:00:00-04:00,53.81000137,53.86999893,53.65499878,53.81499863,43.31245804,12800
2020-08-21 00:00:00-04:00,53.83000183,53.90000153,53.72999954,53.88000107,43.3647728,12300
2020-08-24 00:00:00-04:00,53.93000031,54.09000015,53.93000031,54.09000015,43.53379059,28000
2020-08-25 00:00:00-04:00,54.06999969,54.15999985,53.95000076,54.06000137,43.50963974,28000
2020-08-26 00:00:00-04:00,54.06999969,54.20999908,54,54.15999985,43.59012222,20600
2020-08-27 00:00:00-04:00,54.08000183,54.24900055,54.02000046,54.09999847,43.54183197,21100
2020-08-28 00:00:00-04:00,54.00999832,54.04000092,53.90000153,54.02999878,43.48550034,36300
2020-08-31 00:00:00-04:00,54.15299988,54.20000076,54.04000092,54.18999863,43.61427307,27800
2020-09-01 00:00:00-04:00,53.75,53.75,53.39500046,53.47900009,43.40487671,23100
2020-09-02 00:00:00-04:00,53.47999954,53.97000122,53.47000122,53.95999908,43.79526138,58600
2020-09-03 00:00:00-04:00,53.75899887,53.91999817,53.51499939,53.61800003,43.51768112,27800
2020-09-04 00:00:00-04:00,53.5,53.5,52.63999939,52.95000076,42.97552109,60200
2020-09-08 00:00:00-04:00,52.81999969,53.02999878,52.66999817,52.68000031,42.75638199,29800
2020-09-09 00:00:00-04:00,53.20999908,53.66899872,53.10200119,53.40000153,43.34075546,12800
2020-09-10 00:00:00-04:00,53.41999817,53.52000046,52.81000137,52.88000107,42.9187088,7200
2020-09-11 00:00:00-04:00,53.04000092,53.06499863,52.65000153,52.95000076,42.97552109,40900
2020-09-14 00:00:00-04:00,53.38999939,53.63899994,53.15000153,53.5,43.42192078,59400
2020-09-15 00:00:00-04:00,53.74000168,53.87900162,53.58000183,53.68000031,43.56801224,30700
2020-09-16 00:00:00-04:00,53.90000153,53.99000168,53.59000015,53.59000015,43.49495697,58200
2020-09-17 00:00:00-04:00,53.15000153,53.45000076,52.90999985,53.22000122,43.19466019,65400
2020-09-18 00:00:00-04:00,53.29000092,53.33000183,52.69900131,52.95999908,42.98363495,36600
2020-09-21 00:00:00-04:00,52.63999939,52.63999939,51.79299927,52.43000031,42.55347824,54900
2020-09-22 00:00:00-04:00,52.58000183,52.90000153,52.40999985,52.86999893,42.91058731,30000
2020-09-23 00:00:00-04:00,52.95999908,53.02999878,51.97999954,52.02999878,42.22883224,25200
2020-09-24 00:00:00-04:00,51.54999924,52.44900131,51.54999924,52.06999969,42.2612915,28400
2020-09-25 00:00:00-04:00,51.95999908,52.70999908,51.91400146,52.70999908,42.78073883,10900
2020-09-28 00:00:00-04:00,53.47000122,53.52000046,53.15000153,53.33000183,43.28394318,18700
2020-09-29 00:00:00-04:00,53.33000183,53.41899872,53.04000092,53.08000183,43.08103943,44700
2020-09-30 00:00:00-04:00,53.06000137,53.58000183,53.06000137,53.33000183,43.28394318,19700
2020-10-01 00:00:00-04:00,53.11999893,53.11999893,52.75899887,52.88299942,43.27412415,16400
2020-10-02 00:00:00-04:00,52.18000031,52.95000076,52.18000031,52.77000046,43.18166351,17800
2020-10-05 00:00:00-04:00,53.22000122,53.40000153,52.97000122,53.31000137,43.62354279,14700
2020-10-06 00:00:00-04:00,53.47000122,53.54899979,52.86999893,52.91999817,43.3044014,46500
2020-10-07 00:00:00-04:00,53.29000092,53.63000107,53.29000092,53.54499817,43.8158226,17700
2020-10-08 00:00:00-04:00,53.88000107,53.88000107,53.66999817,53.84000015,44.05722809,20400
2020-10-09 00:00:00-04:00,54.29999924,54.29999924,54.02899933,54.13399887,44.29782104,16300
2020-10-12 00:00:00-04:00,54.29999924,54.51900101,54.22999954,54.39400101,44.51057434,77500
2020-10-13 00:00:00-04:00,54.36999893,54.38899994,54.09999847,54.25999832,44.4009285,19100
2020-10-14 00:00:00-04:00,54.15000153,54.45000076,54.15000153,54.24000168,44.38455963,20800
2020-10-15 00:00:00-04:00,54.05899811,54.18999863,53.86999893,54.12799835,44.29291153,17400
2020-10-16 00:00:00-04:00,54.31000137,54.47000122,54.2840004,54.2840004,44.42056274,44300
2020-10-19 00:00:00-04:00,54.46900177,54.46900177,53.83000183,53.86999893,44.08178711,33600
2020-10-20 00:00:00-04:00,54.29000092,54.29000092,53.86100006,53.95000076,44.14725876,26400
2020-10-21 00:00:00-04:00,54.09899902,54.09899902,53.68999863,53.68999863,43.93448639,11100
2020-10-22 00:00:00-04:00,53.5,53.90999985,53.5,53.84000015,44.05722809,68400
2020-10-23 00:00:00-04:00,54.04000092,54.06000137,53.82500076,53.98300171,44.17425537,21700
2020-10-26 00:00:00-04:00,53.72000122,53.90000153,53.40999985,53.63999939,43.89357376,51700
2020-10-27 00:00:00-04:00,53.59000015,53.65000153,53.27999878,53.27999878,43.59898758,20900
2020-10-28 00:00:00-04:00,52.54999924,52.87799835,52.29999924,52.31000137,42.80523682,43600
2020-10-29 00:00:00-04:00,52,52.74000168,51.77000046,52.45000076,42.9197998,48700
2020-10-30 00:00:00-04:00,52.13000107,52.34999847,51.70000076,52.13899994,42.66530991,19700
2020-11-02 00:00:00-05:00,52.43000031,52.55799866,52,52.31000137,43.23226547,13000
2020-11-03 00:00:00-05:00,53,53.5,52.86000061,53.11000061,43.89343262,35400
2020-11-04 00:00:00-05:00,53.75,54.5,53.75,53.86000061,44.51327515,139000
2020-11-05 00:00:00-05:00,54.83000183,54.83000183,54.33000183,54.43799973,44.99097443,22600
2020-11-06 00:00:00-05:00,54.38000107,54.65000153,54.38000107,54.45600128,45.00585556,24300
2020-11-09 00:00:00-05:00,55.04999924,55.88999939,54.56999969,54.56999969,45.10006332,24400
2020-11-10 00:00:00-05:00,54.65999985,54.97000122,54.40999985,54.86999893,45.34801102,125200
2020-11-11 00:00:00-05:00,55.31999969,55.31999969,54.95000076,55.09999847,45.53808975,32300
2020-11-12 00:00:00-05:00,55.09999847,55.11999893,54.75600052,54.90200043,45.37445831,26900
2020-11-13 00:00:00-05:00,55.24000168,55.40999985,55.04999924,55.36000061,45.75297928,14700
2020-11-16 00:00:00-05:00,55.91999817,55.91999817,55.31999969,55.47000122,45.84387589,126500
2020-11-17 00:00:00-05:00,55.5,55.5,55.16999817,55.34400177,45.73975372,32900
2020-11-18 00:00:00-05:00,55.63000107,55.63000107,55.15999985,55.16999817,45.59593201,37700
2020-11-19 00:00:00-05:00,55.29000092,55.29000092,55.04000092,55.27000046,45.67858505,31000
2020-11-20 00:00:00-05:00,55.31499863,55.3390007,55.09000015,55.15000153,45.57941818,32900
2020-11-23 00:00:00-05:00,55.52000046,55.52000046,55.09999847,55.27000046,45.67858505,35100
2020-11-24 00:00:00-05:00,55.40999985,55.56999969,55.35100174,55.50999832,45.87694168,97400
2020-11-25 00:00:00-05:00,55.56000137,55.56000137,55.31999969,55.34999847,45.74470901,24500
2020-11-27 00:00:00-05:00,55.66999817,55.66999817,55.38499832,55.50999832,45.87694168,37800
2020-11-30 00:00:00-05:00,55.65000153,55.65000153,55.18999863,55.36999893,45.76123428,96200
2020-12-01 00:00:00-05:00,55.29000092,55.29000092,55.06000137,55.11999893,45.96973419,65800
2020-12-02 00:00:00-05:00,55.00999832,55.08000183,54.81600189,54.95500183,45.83213425,98600
2020-12-03 00:00:00-05:00,55.04999924,55.04999924,54.75,54.75099945,45.66199493,41400
2020-12-04 00:00:00-05:00,54.75,55.00999832,54.59000015,55.00999832,45.87799835,78700
2020-12-07 00:00:00-05:00,54.84000015,55.06999969,54.81000137,54.90999985,45.79459763,52700
2020-12-08 00:00:00-05:00,55.04000092,55.13000107,54.86000061,55.06999969,45.92804718,58600
2020-12-09 00:00:00-05:00,55.25999832,55.25999832,54.86700058,55.02000046,45.88634109,31200
2020-12-10 00:00:00-05:00,55.04999924,55.04999924,54.72999954,54.79999924,45.7028656,25500
2020-12-11 00:00:00-05:00,54.81999969,54.90999985,54.66999817,54.84999847,45.74455643,22800
2020-12-14 00:00:00-05:00,55.43000031,55.43000031,54.86000061,54.86000061,45.75289917,47000
2020-12-15 00:00:00-05:00,55.00999832,55.40000153,55.00999832,55.31999969,46.13653564,26500
2020-12-16 00:00:00-05:00,55.45999908,55.52000046,55.20999908,55.31000137,46.12818909,22200
2020-12-17 00:00:00-05:00,55.68999863,55.74000168,55.54000092,55.65999985,46.42008972,24700
2020-12-18 00:00:00-05:00,55.77999878,55.79000092,55.42100143,55.75,46.49515152,73700
2020-12-21 00:00:00-05:00,55.33000183,55.56999969,55.04999924,55.50999832,46.29499054,35700
2020-12-22 00:00:00-05:00,55.59999847,55.59999847,55.25,55.31999969,46.13653564,27700
2020-12-23 00:00:00-05:00,55.40999985,55.66500092,55.38000107,55.38000107,46.18657303,49100
2020-12-24 00:00:00-05:00,55.58000183,55.60300064,55.40000153,55.60300064,46.37255478,10500
2020-12-28 00:00:00-05:00,56.11000061,56.11000061,55.83499908,55.86999893,46.59522629,34100
2020-12-29 00:00:00-05:00,56.09000015,56.13999939,55.77299881,55.90999985,46.62858582,39000
2020-12-30 00:00:00-05:00,55.58000183,55.58000183,55.31000137,55.34999847,46.61427689,57600
2020-12-31 00:00:00-05:00,55.49000168,55.75,55.29000092,55.75,46.95114136,33000
2021-01-04 00:00:00-05:00,55.74000168,55.74000168,54.86999893,55.13999939,46.43741989,66000
2021-01-05 00:00:00-05:00,55.25,55.27899933,54.90000153,55.20999908,46.49637222,53900
2021-01-06 00:00:00-05:00,55.29999924,55.77000046,55.09999847,55.52000046,46.75744629,78100
2021-01-07 00:00:00-05:00,55.77000046,55.77000046,55.49000168,55.62099838,46.84249496,98200
2021-01-08 00:00:00-05:00,55.65000153,55.81999969,55.58000183,55.77000046,46.96798706,44000
2021-01-11 00:00:00-05:00,55.56999969,55.91899872,55.56999969,55.77000046,46.96798706,33300
2021-01-12 00:00:00-05:00,55.65499878,55.71500015,55.5,55.65200043,46.86859894,91800
2021-01-13 00:00:00-05:00,55.84999847,55.91899872,55.68899918,55.83000183,47.01851654,68600
2021-01-14 00:00:00-05:00,56,56,55.64500046,55.65000153,46.8669281,34800
2021-01-15 00:00:00-05:00,55.66999817,55.81999969,55.5,55.75,46.95114136,43200
2021-01-19 00:00:00-05:00,55.99000168,56.00999832,55.84999847,55.90000153,47.07746506,64100
2021-01-20 00:00:00-05:00,56.18999863,56.40499878,56.08000183,56.38999939,47.49013901,47600
2021-01-21 00:00:00-05:00,56.43999863,56.43999863,56.16999817,56.16999817,47.30485535,50500
2021-01-22 00:00:00-05:00,56.27999878,56.29499817,56.06999969,56.18000031,47.31328201,66000
2021-01-25 00:00:00-05:00,56.31999969,56.61000061,56.18999863,56.45999908,47.54907608,1188600
2021-01-26 00:00:00-05:00,56.75,56.75,56.34000015,56.40999985,47.5069809,708600
2021-01-27 00:00:00-05:00,56.34999847,56.34999847,55.29999924,55.45000076,46.69849777,505800
2021-01-28 00:00:00-05:00,55.70999908,56.06000137,55.5,55.65000153,46.8669281,631600
2021-01-29 00:00:00-05:00,55.61000061,55.61000061,54.66999817,54.86000061,46.20161438,320500
2021-02-01 00:00:00-05:00,55.20000076,55.25,54.70999908,55.06999969,46.60187531,182500
2021-02-02 00:00:00-05:00,55.61000061,55.93999863,55.36800003,55.65000153,47.09269333,187300
2021-02-03 00:00:00-05:00,55.88000107,55.88000107,55.36700058,55.47999954,46.94883728,232900
2021-02-04 00:00:00-05:00,55.50999832,55.93000031,55.50999832,55.86999893,47.27885056,161700
2021-02-05 00:00:00-05:00,56.13999939,56.16999817,55.97999954,56,47.38887024,186500
2021-02-08 00:00:00-05:00,56.25,56.25,55.93999863,55.97999954,47.37194061,183100
2021-02-09 00:00:00-05:00,56.13000107,56.15000153,55.97499847,56.09999847,47.47349548,169900
2021-02-10 00:00:00-05:00,56.25,56.25,55.95000076,56.06999969,47.44810486,125300
2021-02-11 00:00:00-05:00,56.18999863,56.18999863,55.90000153,56.02999878,47.41426468,159900
2021-02-12 00:00:00-05:00,56.02999878,56.06999969,55.90000153,56.04999924,47.43117523,99300
2021-02-16 00:00:00-05:00,56.09999847,56.17499924,55.90999985,55.91999817,47.32117081,155700
2021-02-17 00:00:00-05:00,55.95000076,56.13000107,55.82500076,56.13000107,47.49888992,110600
2021-02-18 00:00:00-05:00,56.06999969,56.25,55.91799927,56.20000076,47.55812073,218000
2021-02-19 00:00:00-05:00,56.49000168,56.49000168,55.90000153,55.93000031,47.32963181,161100
2021-02-22 00:00:00-05:00,55.84999847,55.86000061,55.63999939,55.79999924,47.21962357,142300
2021-02-23 00:00:00-05:00,55.74000168,55.99000168,55.49000168,55.84999847,47.26193237,183400
2021-02-24 00:00:00-05:00,56.04999924,56.16999817,55.65000153,56.06999969,47.44810486,147000
2021-02-25 00:00:00-05:00,55.90000153,56.11000061,55.40000153,55.49000168,46.95729446,222600
2021-02-26 00:00:00-05:00,55.79999924,55.79999924,54.95999908,54.97000122,46.51725006,1460500
2021-03-01 00:00:00-05:00,55.38999939,55.84000015,55.32300186,55.54800034,47.28247452,221300
2021-03-02 00:00:00-05:00,55.75999832,55.79000092,55.38000107,55.5,47.24161911,1939800
2021-03-03 00:00:00-05:00,55.59999847,55.59999847,54.90999985,54.99000168,46.80751038,182200
2021-03-04 00:00:00-05:00,54.90000153,55.20999908,53.95999908,54.43999863,46.33935165,246700
2021-03-05 00:00:00-05:00,54.90999985,55.58000183,54.31499863,55.45000076,47.19906616,162900
2021-03-08 00:00:00-05:00,55.65999985,56.31000137,55.45000076,55.68000031,47.39484024,339900
2021-03-09 00:00:00-05:00,56.18999863,56.40000153,56,56.06000137,47.71829987,186900
2021-03-10 00:00:00-05:00,56.38000107,56.63999939,56.11000061,56.45000076,48.05025864,1115200
2021-03-11 00:00:00-05:00,56.88999939,56.88999939,56.54600143,56.65000153,48.22050476,285200
2021-03-12 00:00:00-05:00,56.86000061,56.86000061,56.54999924,56.83000183,48.37371445,189200
2021-03-15 00:00:00-04:00,56.97000122,57.09999847,56.72999954,57.06999969,48.57800293,172000
2021-03-16 00:00:00-04:00,57.27000046,57.27000046,57.06999969,57.16999817,48.66312027,1059000
2021-03-17 00:00:00-04:00,57.13999939,57.25999832,56.89699936,57,48.51842117,162000
2021-03-18 00:00:00-04:00,56.58000183,57.00999832,56.58000183,56.77999878,48.33115387,125400
2021-03-19 00:00:00-04:00,57.02999878,57.02999878,56.56000137,56.63999939,48.21199799,941900
2021-03-22 00:00:00-04:00,56.5,57.15999985,56.5,57.08000183,48.58651352,151900
2021-03-23 00:00:00-04:00,57.22000122,57.38000107,57.03499985,57.11000061,48.61205292,211800
2021-03-24 00:00:00-04:00,57.40999985,57.47999954,57.15999985,57.16999817,48.66312027,291500
2021-03-25 00:00:00-04:00,57.22999954,57.45800018,56.90999985,57.40000153,48.85890579,253700
2021-03-26 00:00:00-04:00,57.56000137,58.18999863,57.40999985,58.15000153,49.49731064,192900
2021-03-29 00:00:00-04:00,57.90999985,58.38999939,57.79999924,58.31999969,49.64199829,226700
2021-03-30 00:00:00-04:00,58.34000015,58.34000015,57.97999954,58.08000183,49.43772125,202000
2021-03-31 00:00:00-04:00,58.06000137,58.22999954,57.90999985,58.11999893,49.47176743,224900
2021-04-01 00:00:00-04:00,58.02000046,58.02000046,57.59999847,57.88999939,49.57281876,272200
2021-04-05 00:00:00-04:00,58.09000015,58.36000061,58.00999832,58.24000168,49.87252808,567400
2021-04-06 00:00:00-04:00,58.31000137,58.31000137,58,58.11999893,49.76976395,299200
2021-04-07 00:00:00-04:00,58.13999939,58.22000122,57.90000153,57.99000168,49.65844727,291500
2021-04-08 00:00:00-04:00,58.13999939,58.14799881,58,58.06999969,49.72695541,299300
2021-04-09 00:00:00-04:00,58.11999893,58.18000031,58.02000046,58.15999985,49.8040123,283600
2021-04-12 00:00:00-04:00,58.20000076,58.25,58.11999893,58.20000076,49.83826828,222900
2021-04-13 00:00:00-04:00,58.27999878,58.28099823,58.125,58.25,49.88109589,221300
2021-04-14 00:00:00-04:00,58.29999924,58.29999924,58.04999924,58.22999954,49.86396408,547200
2021-04-15 00:00:00-04:00,58.22999954,58.61000061,58.20000076,58.61000061,50.18936539,244400
2021-04-16 00:00:00-04:00,58.75999832,58.90000153,58.68999863,58.81999969,50.36920547,221600
2021-04-19 00:00:00-04:00,58.99000168,58.99000168,58.70999908,58.83000183,50.37775421,585000
2021-04-20 00:00:00-04:00,58.86000061,59.02700043,58.80799866,58.99000168,50.51476669,420600
2021-04-21 00:00:00-04:00,59.18999863,59.18999863,59.0379982,59.09000015,50.60040283,451000
2021-04-22 00:00:00-04:00,59.18999863,59.18999863,58.84999847,58.97999954,50.50621414,445100
2021-04-23 00:00:00-04:00,59.13999939,59.22000122,58.95000076,59.11999893,50.62609482,362800
2021-04-26 00:00:00-04:00,59.20000076,59.20000076,58.72000122,58.77999878,50.33494568,488700
2021-04-27 00:00:00-04:00,58.77999878,59.06999969,58.77999878,59.00999832,50.53190613,218000
2021-04-28 00:00:00-04:00,59.13000107,59.15000153,58.90000153,58.97000122,50.49764633,278900
2021-04-29 00:00:00-04:00,59,59.34000015,59,59.29000092,50.77166367,337500
2021-04-30 00:00:00-04:00,59.38000107,59.38000107,59.13999939,59.27000046,50.7545433,289900
2021-05-03 00:00:00-04:00,59.27000046,59.36999893,59.13999939,59.29000092,51.09407806,290200
2021-05-04 00:00:00-04:00,59.25,59.33000183,59.09000015,59.31999969,51.11993408,268400
2021-05-05 00:00:00-04:00,59.47999954,59.47999954,59.20000076,59.29999924,51.10270309,309600
2021-05-06 00:00:00-04:00,59.43999863,59.72000122,59.36000061,59.56999969,51.33537292,1195200
2021-05-07 00:00:00-04:00,59.83000183,59.95000076,59.68000031,59.90999985,51.62837601,418100
2021-05-10 00:00:00-04:00,60.09000015,60.29000092,59.95000076,60.02999878,51.73178864,366700
2021-05-11 00:00:00-04:00,59.81999969,59.86299896,59.40000153,59.61000061,51.36985397,490200
2021-05-12 00:00:00-04:00,59.49000168,59.49000168,58.70000076,58.72999954,50.61148834,1524000
2021-05-13 00:00:00-04:00,58.84999847,59.5,58.79000092,59.34000015,51.13716888,1345600
2021-05-14 00:00:00-04:00,59.70999908,60.04499817,59.54700089,59.93999863,51.65423203,1289700
2021-05-17 00:00:00-04:00,59.91999817,60.0719986,59.68999863,59.84999847,51.57666779,359200
2021-05-18 00:00:00-04:00,60.04999924,60.04999924,59.45000076,59.45000076,51.23196411,474200
2021-05-19 00:00:00-04:00,59.18000031,59.27999878,58.70000076,59.27999878,51.08546448,340400
2021-05-20 00:00:00-04:00,59.27999878,59.84999847,59.27999878,59.70000076,51.44740677,335100
2021-05-21 00:00:00-04:00,59.90000153,60.02999878,59.58000183,59.70000076,51.44740677,223600
2021-05-24 00:00:00-04:00,60.06999969,60.11999893,59.90999985,59.97999954,51.688694,446800
2021-05-25 00:00:00-04:00,60.18999863,60.18999863,59.80500031,59.86000061,51.58528519,292300
2021-05-26 00:00:00-04:00,60.02000046,60.02000046,59.79999924,59.90999985,51.62837601,362800
2021-05-27 00:00:00-04:00,60.04999924,60.04999924,59.77999878,59.79000092,51.52496719,469400
2021-05-28 00:00:00-04:00,60.04999924,60.09000015,59.90999985,59.93000031,51.64561081,310800
2021-06-01 00:00:00-04:00,59.88999939,59.88999939,59.18000031,59.29999924,51.37184906,529200
2021-06-02 00:00:00-04:00,59.41999817,59.70000076,59.40999985,59.61999893,51.64907455,331800
2021-06-03 00:00:00-04:00,59.31999969,59.75999832,59.29999924,59.72000122,51.7356987,290700
2021-06-04 00:00:00-04:00,59.68000031,59.93999863,59.68000031,59.93000031,51.91762543,279000
2021-06-07 00:00:00-04:00,60.02000046,60.02000046,59.79000092,59.84999847,51.84832764,799300
2021-06-08 00:00:00-04:00,59.97000122,59.97999954,59.63999939,59.81000137,51.81367493,509200
2021-06-09 00:00:00-04:00,59.75,59.93999863,59.75,59.79999924,51.80501175,424800
2021-06-10 00:00:00-04:00,59.95000076,60.04000092,59.81000137,59.97000122,51.95227432,468800
2021-06-11 00:00:00-04:00,60.04000092,60.09999847,59.86000061,60.06000137,52.03024673,320800
2021-06-14 00:00:00-04:00,60.15000153,60.15000153,59.89799881,60.11000061,52.07356262,377500
2021-06-15 00:00:00-04:00,60.06000137,60.24000168,60.00999832,60.15000153,52.10821915,331500
2021-06-16 00:00:00-04:00,60.09999847,60.24700165,59.75999832,59.86999893,51.86564636,421400
2021-06-17 00:00:00-04:00,60,60.09400177,59.61000061,59.83000183,51.83099747,433200
2021-06-18 00:00:00-04:00,59.68999863,59.74000168,59.33000183,59.36000061,51.42383194,441500
2021-06-21 00:00:00-04:00,59.5,60.00999832,59.43000031,59.99000168,51.96960449,487700
2021-06-22 00:00:00-04:00,60.06000137,60.22999954,59.93999863,60.11999893,52.08221817,432800
2021-06-23 00:00:00-04:00,60.11000061,60.11999893,59.93000031,59.93000031,51.91762543,379300
2021-06-24 00:00:00-04:00,60.20000076,60.27000046,60.09999847,60.24000168,52.18618393,474900
2021-06-25 00:00:00-04:00,60.29000092,60.58000183,60.27999878,60.58000183,52.48073196,402600
2021-06-28 00:00:00-04:00,60.72000122,60.72000122,60.49000168,60.56999969,52.47206879,457600
2021-06-29 00:00:00-04:00,60.74000168,60.74000168,60.56000137,60.58000183,52.48073196,451400
2021-06-30 00:00:00-04:00,60.65999985,60.65999985,60.5,60.56999969,52.47206879,480100
2021-07-01 00:00:00-04:00,60.34999847,60.49000168,60.22000122,60.45000076,52.71186447,383400
2021-07-02 00:00:00-04:00,60.56000137,60.63000107,60.43000031,60.59999847,52.84265518,292800
2021-07-06 00:00:00-04:00,60.65000153,60.65000153,60.31999969,60.63000107,52.86881638,408500
2021-07-07 00:00:00-04:00,60.70000076,60.97000122,60.58000183,60.93000031,53.1304245,549300
2021-07-08 00:00:00-04:00,60.75,60.86000061,60.59999847,60.79000092,53.00833511,3668700
2021-07-09 00:00:00-04:00,60.95000076,60.95000076,60.79999924,60.88999939,53.09553909,969200
2021-07-12 00:00:00-04:00,60.95000076,60.97000122,60.79999924,60.93999863,53.1391449,517500
2021-07-13 00:00:00-04:00,61.04000092,61.04000092,60.84500122,60.90000153,53.10426331,468800
2021-07-14 00:00:00-04:00,61.00999832,61.11000061,60.88000107,61.06000137,53.24377823,452300
2021-07-15 00:00:00-04:00,61,61.24000168,60.90000153,61.22000122,53.38329315,521300
2021-07-16 00:00:00-04:00,61.40000153,61.40000153,61.22000122,61.25999832,53.41817474,514100
2021-07-19 00:00:00-04:00,60.95000076,61,60.44200134,60.75,52.97346115,916400
2021-07-20 00:00:00-04:00,60.84999847,61.27000046,60.74000168,61.18999863,53.35713577,593700
2021-07-21 00:00:00-04:00,61.18999863,61.29000092,61.13000107,61.20000076,53.36585236,1187800
2021-07-22 00:00:00-04:00,61.34999847,61.40000153,61.02999878,61.27000046,53.4268837,431200
2021-07-23 00:00:00-04:00,61.40000153,61.77000046,61.34999847,61.72000122,53.81929398,1379300
2021-07-26 00:00:00-04:00,61.75,61.75,61.40000153,61.63000107,53.74081421,967300
2021-07-27 00:00:00-04:00,61.68000031,61.74000168,61.29999924,61.72000122,53.81929398,813600
2021-07-28 00:00:00-04:00,61.81999969,61.81999969,61.40999985,61.49000168,53.61873245,937900
2021-07-29 00:00:00-04:00,61.70000076,61.72999954,61.59500122,61.63999939,53.74953842,742500
2021-07-30 00:00:00-04:00,61.61000061,61.83000183,61.59999847,61.72000122,53.81929398,816700
2021-08-02 00:00:00-04:00,61.72000122,61.72000122,61.36999893,61.43000031,53.79039383,630000
2021-08-03 00:00:00-04:00,61.61999893,61.75,61.45000076,61.74000168,54.06184769,667500
2021-08-04 00:00:00-04:00,61.72000122,61.74000168,61.41999817,61.5,53.85169601,630300
2021-08-05 00:00:00-04:00,61.75,61.75,61.49000168,61.66999817,54.0005455,587700
2021-08-06 00:00:00-04:00,61.74000168,61.78300095,61.63000107,61.72999954,54.05308914,738700
2021-08-09 00:00:00-04:00,61.83000183,61.84000015,61.70000076,61.75,54.07059479,673000
2021-08-10 00:00:00-04:00,61.84999847,61.90000153,61.74000168,61.86999893,54.17567444,863200
2021-08-11 00:00:00-04:00,62,62.06000137,61.95000076,62.02999878,54.31578445,720300
2021-08-12 00:00:00-04:00,62.09000015,62.09000015,61.90000153,62.04000092,54.32453918,599000
2021-08-13 00:00:00-04:00,62.11000061,62.20000076,62.04999924,62.18999863,54.4558754,505500
2021-08-16 00:00:00-04:00,62.22000122,62.56900024,62.11000061,62.56000137,54.77986145,992600
2021-08-17 00:00:00-04:00,62.41999817,62.52000046,62.24000168,62.50999832,54.73607635,695400
2021-08-18 00:00:00-04:00,62.47999954,62.56000137,62.04000092,62.11000061,54.38583374,961800
2021-08-19 00:00:00-04:00,61.86000061,62.33000183,61.75999832,62.24000168,54.49966431,605300
2021-08-20 00:00:00-04:00,62.25,62.54999924,62.15000153,62.5,54.72732925,658900
2021-08-23 00:00:00-04:00,62.65000153,62.76900101,62.54999924,62.58000183,54.79738235,1646700
2021-08-24 00:00:00-04:00,62.66999817,62.66999817,62.36000061,62.40000153,54.63976669,1057500
2021-08-25 00:00:00-04:00,62.5,62.5,62.29000092,62.45000076,54.68354416,769600
2021-08-26 00:00:00-04:00,62.54000092,62.54000092,62.22000122,62.34000015,54.58723068,1017000
2021-08-27 00:00:00-04:00,62.41999817,62.5,62.28499985,62.45999908,54.69229889,1058100
2021-08-30 00:00:00-04:00,62.58000183,62.70000076,62.54000092,62.63000107,54.84116745,1278000
2021-08-31 00:00:00-04:00,62.70000076,62.74000168,62.43999863,62.52999878,54.75360107,1160400
2021-09-01 00:00:00-04:00,62.31999969,62.31999969,62.02000046,62.24000168,54.79674149,1145700
2021-09-02 00:00:00-04:00,62.40999985,62.43000031,62.25999832,62.43000031,54.96401978,904600
2021-09-03 00:00:00-04:00,62.38999939,62.4679985,62.20999908,62.36999893,54.9111824,961400
2021-09-07 00:00:00-04:00,62.36000061,62.36000061,61.88000107,61.91999817,54.5150032,1189600
2021-09-08 00:00:00-04:00,61.88000107,62.15999985,61.76200104,62.15999985,54.72631073,921700
2021-09-09 00:00:00-04:00,62.11999893,62.21500015,61.77999878,61.81999969,54.42696381,852100
2021-09-10 00:00:00-04:00,61.99000168,62,61.54999924,61.59000015,54.22446823,763200
2021-09-13 00:00:00-04:00,61.68999863,61.84999847,61.27000046,61.54999924,54.18925476,673900
2021-09-14 00:00:00-04:00,61.56999969,61.75,61.11999893,61.18999863,53.87230301,720700
2021-09-15 00:00:00-04:00,61.20000076,61.70000076,61.11000061,61.59000015,54.22446823,655000
2021-09-16 00:00:00-04:00,61.59999847,61.65000153,61.20000076,61.52000046,54.16284561,1573900
2021-09-17 00:00:00-04:00,61.63000107,61.63000107,61.09999847,61.15999985,53.84589005,604100
2021-09-20 00:00:00-04:00,60.40999985,60.70399857,59.79000092,60.49000168,53.25602341,1932100
2021-09-21 00:00:00-04:00,60.70000076,60.91500092,60.38499832,60.43999863,53.21199799,1070300
2021-09-22 00:00:00-04:00,60.72999954,60.95999908,60.50999832,60.70000076,53.4408989,785600
2021-09-23 00:00:00-04:00,60.97999954,61.38999939,60.90999985,61.15999985,53.84589005,705800
2021-09-24 00:00:00-04:00,61.16999817,61.27999878,61.02999878,61.16999817,53.85469818,603500
2021-09-27 00:00:00-04:00,61.18000031,61.22000122,60.87799835,60.91999817,53.63459396,736400
2021-09-28 00:00:00-04:00,60.72999954,60.72999954,59.84999847,60.06000137,52.87744522,1259600
2021-09-29 00:00:00-04:00,60.29999924,60.56800079,60.09999847,60.34000015,53.12395477,619400
2021-09-30 00:00:00-04:00,60.54000092,60.56999969,59.59000015,59.61000061,52.48125458,1021300
2021-10-01 00:00:00-04:00,59.56000137,59.91999817,58.93000031,59.74000168,52.90010071,907100
2021-10-04 00:00:00-04:00,59.70999908,59.79000092,58.95000076,59.34000015,52.54589462,960600
2021-10-05 00:00:00-04:00,59.40000153,60.00999832,59.31999969,59.77999878,52.93551636,638700
2021-10-06 00:00:00-04:00,59.5,60.02999878,59.29999924,60.02999878,53.15689087,611600
2021-10-07 00:00:00-04:00,60.50999832,60.75999832,60.34999847,60.43000031,53.51110077,667000
2021-10-08 00:00:00-04:00,60.58000183,60.58000183,60.20999908,60.29000092,53.38713074,709300
2021-10-11 00:00:00-04:00,60.36000061,60.5,60.00999832,60.02000046,53.1480484,519600
2021-10-12 00:00:00-04:00,60.15999985,60.18999863,59.84999847,59.97000122,53.10377121,806300
2021-10-13 00:00:00-04:00,60.18000031,60.38999939,59.75999832,60.27000046,53.3694191,715100
2021-10-14 00:00:00-04:00,60.56000137,61,60.52999878,60.95000076,53.97156525,1114200
2021-10-15 00:00:00-04:00,61.09999847,61.29000092,61.05099869,61.22999954,54.21950531,656600
2021-10-18 00:00:00-04:00,61.09999847,61.25999832,60.93999863,61.15999985,54.15752411,860300
2021-10-19 00:00:00-04:00,61.36999893,61.43999863,61.19499969,61.43999863,54.40545654,819000
2021-10-20 00:00:00-04:00,61.56000137,61.72999954,61.43999863,61.70000076,54.63568878,1690200
2021-10-21 00:00:00-04:00,61.75,61.79999924,61.54999924,61.79999924,54.72424698,750100
2021-10-22 00:00:00-04:00,61.83000183,62.04999924,61.79999924,62.04000092,54.93676758,675400
2021-10-25 00:00:00-04:00,62.11000061,62.11999893,61.81000137,62.04999924,54.94562149,883000
2021-10-26 00:00:00-04:00,62.13999939,62.16999817,61.97000122,62.08000183,54.97217941,842300
2021-10-27 00:00:00-04:00,62.13000107,62.13000107,61.70999908,61.77000046,54.69767761,1054400
2021-10-28 00:00:00-04:00,61.79999924,61.97999954,61.73500061,61.97999954,54.88362885,1453100
2021-10-29 00:00:00-04:00,61.97000122,62.06999969,61.84000015,61.97999954,54.88362885,1113600
2021-11-01 00:00:00-04:00,61.70000076,61.72000122,61.38999939,61.45000076,54.73754883,888000
2021-11-02 00:00:00-04:00,61.45000076,61.65000153,61.45000076,61.59999847,54.87116623,805400
2021-11-03 00:00:00-04:00,61.54999924,61.68999863,61.47000122,61.68999863,54.95133591,664700
2021-11-04 00:00:00-04:00,61.66999817,61.70000076,61.5,61.66999817,54.93351746,873200
2021-11-05 00:00:00-04:00,61.68000031,61.68199921,61.45000076,61.54000092,54.81771851,1098700
2021-11-08 00:00:00-05:00,61.54000092,61.63999939,61.18000031,61.40000153,54.69301605,1197100
2021-11-09 00:00:00-05:00,61.40000153,61.54999924,61.29999924,61.54999924,54.82662582,828400
2021-11-10 00:00:00-05:00,61.52999878,61.72000122,61.52999878,61.68999863,54.95133591,730700
2021-11-11 00:00:00-05:00,61.75999832,61.77500153,61.58000183,61.66999817,54.93351746,630000
2021-11-12 00:00:00-05:00,61.84999847,62,61.75,61.95999908,55.1918335,694000
2021-11-15 00:00:00-05:00,62.02999878,62.09000015,61.90999985,62,55.2274704,809700
2021-11-16 00:00:00-05:00,62,62.20999908,62,62.06000137,55.28091431,1015800
2021-11-17 00:00:00-05:00,62,62.02999878,61.72000122,61.88999939,55.12948608,769200
2021-11-18 00:00:00-05:00,61.93000031,61.97999954,61.70000076,61.72999954,54.98696136,782000
2021-11-19 00:00:00-05:00,61.86999893,61.86999893,61.60499954,61.65000153,54.91570663,737400
2021-11-22 00:00:00-05:00,61.77000046,61.89699936,61.59999847,61.68999863,54.95133591,809900
2021-11-23 00:00:00-05:00,61.66999817,61.93000031,61.61000061,61.88999939,55.12948608,669500
2021-11-24 00:00:00-05:00,61.90999985,61.95000076,61.70999908,61.91999817,55.15620804,561300
2021-11-26 00:00:00-05:00,61.54999924,61.67499924,61.18000031,61.36000061,54.65738678,877600
2021-11-29 00:00:00-05:00,61.52999878,61.75,61.38000107,61.54999924,54.82662582,1561600
2021-11-30 00:00:00-05:00,61.43000031,61.43000031,60.45999908,60.56999969,53.95368195,1864700
2021-12-01 00:00:00-05:00,60.86999893,60.93000031,59.65999985,59.66999817,53.49021149,1622600
2021-12-02 00:00:00-05:00,59.86000061,60.68999863,59.70000076,60.47999954,54.21633148,752100
2021-12-03 00:00:00-05:00,60.63999939,60.86899948,60.06999969,60.65000153,54.36872482,1086500
2021-12-06 00:00:00-05:00,60.97999954,61.37599945,60.8219986,61.25999832,54.9155426,947100
2021-12-07 00:00:00-05:00,61.58000183,61.97999954,61.52000046,61.93999863,55.5251236,668700
2021-12-08 00:00:00-05:00,61.99000168,61.99000168,61.58000183,61.84000015,55.43548584,541300
2021-12-09 00:00:00-05:00,61.84999847,61.95399857,61.70999908,61.79999924,55.39962387,617000
2021-12-10 00:00:00-05:00,61.99000168,62.20000076,61.90000153,62.20000076,55.75819397,644000
2021-12-13 00:00:00-05:00,62.25999832,62.41999817,62.04999924,62.36000061,55.90162659,1324600
2021-12-14 00:00:00-05:00,61.93999863,62.25,61.65100098,62,55.57891846,2420600
2021-12-15 00:00:00-05:00,61.77999878,62.68000031,61.77999878,62.68000031,56.18848419,2323000
2021-12-16 00:00:00-05:00,62.77999878,63.13000107,62.75,62.91999817,56.4036293,4422500
2021-12-17 00:00:00-05:00,62.83000183,62.88999939,62.25,62.25,55.80302429,1361000
2021-12-20 00:00:00-05:00,61.77000046,61.81999969,61.24000168,61.77000046,55.37273407,1061700
2021-12-21 00:00:00-05:00,62.20000076,62.34600067,61.84999847,62.27999878,55.82991409,779200
2021-12-22 00:00:00-05:00,62.15999985,62.59000015,62.15999985,62.58000183,56.09884262,2011000
2021-12-23 00:00:00-05:00,62.70000076,62.95999908,62.62099838,62.81999969,56.31398773,739800
2021-12-27 00:00:00-05:00,63,63.31999969,62.95000076,63.31999969,56.76220703,899600
2021-12-28 00:00:00-05:00,63.34999847,63.43000031,63.16999817,63.34999847,56.78910065,1666400
2021-12-29 00:00:00-05:00,63.49000168,63.67399979,63.38000107,63.61000061,57.02217102,1287600
2021-12-30 00:00:00-05:00,63.34999847,63.34999847,63.02999878,63.06999969,56.94902802,1034400
2021-12-31 00:00:00-05:00,63.13000107,63.31999969,62.99000168,63.18999863,57.05738068,902300
2022-01-03 00:00:00-05:00,63.20000076,63.29999924,62.59000015,62.90999985,56.8045578,1058000
2022-01-04 00:00:00-05:00,62.97000122,63.15999985,62.86999893,63.04000092,56.92194366,1159700
2022-01-05 00:00:00-05:00,63.09000015,63.38999939,62.84999847,62.88999939,56.78650665,1356000
2022-01-06 00:00:00-05:00,62.90000153,62.97999954,62.65000153,62.75999832,56.66911316,1619500
2022-01-07 00:00:00-05:00,62.72000122,62.72000122,62.43999863,62.56000137,56.48852921,1403600
2022-01-10 00:00:00-05:00,62.31999969,62.46900177,61.75,62.43000031,56.37114716,1696700
2022-01-11 00:00:00-05:00,62.5,62.59999847,61.87799835,62.56999969,56.49755859,1331900
2022-01-12 00:00:00-05:00,62.66999817,62.84999847,62.59000015,62.72000122,56.63300323,1724100
2022-01-13 00:00:00-05:00,62.84000015,62.90000153,62.31999969,62.43999863,56.38016891,2509400
2022-01-14 00:00:00-05:00,62.22000122,62.22999954,61.70600128,62.18999863,56.1544342,1964300
2022-01-18 00:00:00-05:00,61.74000168,61.84799957,61.31999969,61.45000076,55.48625565,1973800
2022-01-19 00:00:00-05:00,61.66999817,61.83000183,61.13999939,61.16999817,55.23342514,1784100
2022-01-20 00:00:00-05:00,61.33000183,61.84999847,60.61000061,60.70000076,54.8090477,1614600
2022-01-21 00:00:00-05:00,60.5,61.04499817,60,60.06999969,54.24018478,2032000
2022-01-24 00:00:00-05:00,59.59999847,60.33000183,58.38000107,60.25999832,54.41174698,3405700
2022-01-25 00:00:00-05:00,59.54000092,60.09999847,58.72499847,59.59000015,53.80676651,2016500
2022-01-26 00:00:00-05:00,60.06000137,60.31000137,58.79999924,59.25999832,53.50879669,1999800
2022-01-27 00:00:00-05:00,59.68999863,60.24000168,59.04000092,59.27000046,53.51781845,1806100
2022-01-28 00:00:00-05:00,59.33000183,60.40000153,58.79999924,60.36999893,54.51107025,1262600
2022-01-31 00:00:00-05:00,60.29999924,60.99000168,60.06000137,60.99000168,55.07089996,1357200
2022-02-01 00:00:00-05:00,60.75,60.89300156,60.27700043,60.79000092,55.2362709,1543700
2022-02-02 00:00:00-05:00,60.97999954,61.59000015,60.86600113,61.47000122,55.85414886,2077100
2022-02-03 00:00:00-05:00,61.20000076,61.36000061,60.84999847,60.91999817,55.35439301,1906600
2022-02-04 00:00:00-05:00,60.75999832,60.99000168,60.15999985,60.63000107,55.09088135,1789700
2022-02-07 00:00:00-05:00,60.75,60.77000046,60.31000137,60.40000153,54.88190079,1137600
2022-02-08 00:00:00-05:00,60.56000137,60.86800003,60.34999847,60.79000092,55.2362709,2423300
2022-02-09 00:00:00-05:00,61.13000107,61.37900162,61.04999924,61.31000137,55.70876312,3341800
2022-02-10 00:00:00-05:00,60.95999908,61.20000076,60.29999924,60.5,54.97276306,1492800
2022-02-11 00:00:00-05:00,60.50999832,60.73899841,59.68000031,59.88000107,54.40940857,2048100
2022-02-14 00:00:00-05:00,59.79000092,59.9980011,59.29600143,59.70999908,54.25493622,966800
2022-02-15 00:00:00-05:00,60.25999832,60.43999863,59.92499924,60.15000153,54.65474319,969000
2022-02-16 00:00:00-05:00,60.02999878,60.45999908,59.81999969,60.31000137,54.80012131,1149400
2022-02-17 00:00:00-05:00,60,60.18999863,59.58000183,59.72000122,54.26402283,1127000
2022-02-18 00:00:00-05:00,59.68000031,59.90000153,59.34000015,59.54000092,54.1004715,988800
2022-02-22 00:00:00-05:00,59.29999924,59.68999863,58.79000092,59.06000137,53.6643219,1069600
2022-02-23 00:00:00-05:00,59.41999817,59.50099945,58.29999924,58.33000183,53.00101852,2957500
2022-02-24 00:00:00-05:00,57.33000183,58.74900055,57.08000183,58.68999863,53.32811737,3438400
2022-02-25 00:00:00-05:00,59,60.06000137,58.88000107,60.02999878,54.54570007,3125400
2022-02-28 00:00:00-05:00,59.65000153,59.93999863,59.20800018,59.86000061,54.39123154,1729100
2022-03-01 00:00:00-05:00,59.34999847,59.44499969,58.45999908,58.79000092,53.83448029,1510900
2022-03-02 00:00:00-05:00,58.93999863,59.74000168,58.86000061,59.52000046,54.50295258,913500
2022-03-03 00:00:00-05:00,59.86000061,60.09999847,59.56499863,59.72999954,54.69525146,1979000
2022-03-04 00:00:00-05:00,59.56000137,59.86000061,59.20000076,59.86000061,54.81429291,2045700
2022-03-07 00:00:00-05:00,59.65000153,59.86000061,58.74000168,58.86999893,53.90774155,1768500
2022-03-08 00:00:00-05:00,58.79999924,59.22800064,58.05500031,58.11000061,53.21179962,1687200
2022-03-09 00:00:00-05:00,58.88999939,59.20000076,58.61100006,58.90999985,53.94436646,1140900
2022-03-10 00:00:00-05:00,58.50999832,59.0359993,58.40000153,58.84999847,53.88942719,2049800
2022-03-11 00:00:00-05:00,59.43000031,59.47999954,58.56000137,58.63999939,53.6971283,1217500
2022-03-14 00:00:00-04:00,58.90000153,59.39099884,58.58000183,58.70999908,53.76122284,1193300
2022-03-15 00:00:00-04:00,59,59.68000031,58.95000076,59.61999893,54.59451675,1360300
2022-03-16 00:00:00-04:00,60,60.20999908,59.31000137,60.11999893,55.05237579,1426800
2022-03-17 00:00:00-04:00,60.15999985,60.70000076,60.04999924,60.70000076,55.58348846,1214400
2022-03-18 00:00:00-04:00,60.68000031,60.95000076,60.4640007,60.90000153,55.76662827,1308300
2022-03-21 00:00:00-04:00,60.97999954,61.14199829,60.68999863,60.86000061,55.72999573,1654900
2022-03-22 00:00:00-04:00,61.06999969,61.14899826,60.90599823,61.02000046,55.87651825,1511200
2022-03-23 00:00:00-04:00,61,61,60.63000107,60.68999863,55.57432556,1574200
2022-03-24 00:00:00-04:00,60.91999817,61.00999832,60.75,61.00999832,55.86735535,2313700
2022-03-25 00:00:00-04:00,61.18999863,61.29999924,61,61.29999924,56.1329155,1430700
2022-03-28 00:00:00-04:00,61.31999969,61.49000168,61.18999863,61.49000168,56.30690002,1854500
2022-03-29 00:00:00-04:00,61.77999878,61.77999878,61.41999817,61.59999847,56.40762329,2442900
2022-03-30 00:00:00-04:00,61.56999969,61.6269989,61.43000031,61.59999847,56.40762329,2166900
2022-03-31 00:00:00-04:00,61.68999863,61.90000153,61.27000046,61.40000153,56.22447968,2834500
2022-04-01 00:00:00-04:00,61,61.13999939,60.70999908,61.00999832,56.407547,1874300
2022-04-04 00:00:00-04:00,61.11500168,61.11500168,60.68999863,60.84999847,56.25961304,2005600
2022-04-05 00:00:00-04:00,60.93999863,61.25,60.90000153,60.95000076,56.35207367,2110100
2022-04-06 00:00:00-04:00,61,61.45000076,60.84999847,61.41999817,56.78661728,1706300
2022-04-07 00:00:00-04:00,61.41999817,61.75999832,61.25,61.70000076,57.04549408,2823400
2022-04-08 00:00:00-04:00,61.81000137,61.92900085,61.50999832,61.79999924,57.1379509,2122000
2022-04-11 00:00:00-04:00,61.79000092,61.86000061,61.25999832,61.34000015,56.71265411,2682700
2022-04-12 00:00:00-04:00,61.58000183,61.68000031,61.04000092,61.11999893,56.50924683,2587500
2022-04-13 00:00:00-04:00,61.27000046,61.52999878,61.06000137,61.49000168,56.85133743,1990500
2022-04-14 00:00:00-04:00,61.54999924,61.70999908,61.27000046,61.31000137,56.68491745,3309900
2022-04-18 00:00:00-04:00,61.31999969,61.5,60.93999863,61.16999817,56.55547714,2068200
2022-04-19 00:00:00-04:00,61.18999863,61.79999924,61.18999863,61.70000076,57.04549408,2176700
2022-04-20 00:00:00-04:00,62,62.38999939,61.95999908,62.22999954,57.53551102,1782800
2022-04-21 00:00:00-04:00,62.5,62.59999847,61.61000061,61.68999863,57.03625107,2698000
2022-04-22 00:00:00-04:00,61.59999847,61.65999985,60.15999985,60.22000122,55.6771431,3103000
2022-04-25 00:00:00-04:00,60.00999832,60.56000137,59.31000137,60.43999863,55.88054276,2748200
2022-04-26 00:00:00-04:00,60.27999878,60.34999847,59.25,59.27000046,54.79880524,2544000
2022-04-27 00:00:00-04:00,59.49000168,60.04999924,59.27099991,59.47999954,54.99296188,2191100
2022-04-28 00:00:00-04:00,59.79000092,60.49000168,59.43999863,60.31000137,55.7603569,3348100
2022-04-29 00:00:00-04:00,60,60.04999924,58.52999878,58.58000183,54.16086197,3134300
2022-05-02 00:00:00-04:00,58.18999863,58.42599869,56.95999908,57.88000107,53.94463348,2874700
2022-05-03 00:00:00-04:00,58.09999847,58.54499817,57.83000183,58.15999985,54.20559311,1862900
2022-05-04 00:00:00-04:00,58.18000031,59.38499832,57.95000076,59.34000015,55.30537033,2816500
2022-05-05 00:00:00-04:00,59.11999893,59.17900085,57.68000031,58.09999847,54.14967346,2959200
2022-05-06 00:00:00-04:00,57.77999878,58.02000046,57.11999893,57.79999924,53.87007523,3047400
2022-05-09 00:00:00-04:00,57.18999863,57.2820015,56.54999924,56.72999954,52.87281799,3203700
2022-05-10 00:00:00-04:00,57.25,57.38000107,56.11999893,56.52999878,52.68642044,6093000
2022-05-11 00:00:00-04:00,56.43999863,57.24300003,56.20000076,56.25,52.42546082,3283600
2022-05-12 00:00:00-04:00,56,56.47999954,55.59999847,56.31999969,52.49069977,2819300
2022-05-13 00:00:00-04:00,56.68999863,57.20000076,56.5,57.09000015,53.20834351,2136500
2022-05-16 00:00:00-04:00,57.06999969,57.59899902,56.90000153,57.27999878,53.38542938,1738500
2022-05-17 00:00:00-04:00,57.77999878,57.86999893,57.36999893,57.81999969,53.88871002,1906500
2022-05-18 00:00:00-04:00,57.45999908,57.5,55.84999847,56,52.19245911,3198300
2022-05-19 00:00:00-04:00,55.59999847,56.1609993,55.29000092,55.68000031,51.89421844,2581200
2022-05-20 00:00:00-04:00,56.11000061,56.13000107,54.90000153,55.79999924,52.00605392,2600100
2022-05-23 00:00:00-04:00,56.29000092,56.82500076,56.11899948,56.70000076,52.84486389,2270100
2022-05-24 00:00:00-04:00,56.43999863,57.07500076,56.05500031,56.93000031,53.05922318,1835500
2022-05-25 00:00:00-04:00,56.90999985,57.24000168,56.61999893,57.06000137,53.18038559,1999800
2022-05-26 00:00:00-04:00,57.31999969,57.83100128,57.31999969,57.68999863,53.76755142,1999900
2022-05-27 00:00:00-04:00,57.86999893,58.5,57.86100006,58.5,54.52248001,2096700
2022-05-31 00:00:00-04:00,58.24000168,58.43299866,57.81999969,58.06999969,54.12171555,4628800
2022-06-01 00:00:00-04:00,57.68000031,57.79000092,56.95999908,57.27999878,53.86405563,2259200
2022-06-02 00:00:00-04:00,57.33000183,57.75500107,56.90999985,57.68000031,54.24020004,1565900
2022-06-03 00:00:00-04:00,57.54999924,57.73899841,57.47000122,57.56999969,54.13676071,1510700
2022-06-06 00:00:00-04:00,57.90999985,58,57.59999847,57.70000076,54.2590065,1913100
2022-06-07 00:00:00-04:00,57.33000183,58.04999924,57.33000183,58.04999924,54.58813477,1405700
2022-06-08 00:00:00-04:00,57.97999954,57.97999954,57.45000076,57.56999969,54.13676071,1759100
2022-06-09 00:00:00-04:00,57.5,57.68399811,56.75,56.79999924,53.41267395,1664800
2022-06-10 00:00:00-04:00,56.25,56.25,55.61999893,55.79000092,52.4629097,2520700
2022-06-13 00:00:00-04:00,54.70000076,54.90000153,53.84999847,54.09000015,50.86429214,2898100
2022-06-14 00:00:00-04:00,54.33000183,54.42499924,53.29999924,53.75999832,50.55396652,2455900
2022-06-15 00:00:00-04:00,54.20999908,54.72900009,53.38000107,54.08000183,50.85488892,2114200
2022-06-16 00:00:00-04:00,53.25999832,53.32799911,52.61000061,52.86000061,49.70764542,2424800
2022-06-17 00:00:00-04:00,53.00999832,53.30500031,52.54000092,52.90999985,49.75465775,2727200
2022-06-21 00:00:00-04:00,53.61999893,54.29999924,53.54999924,54.11999893,50.89250183,1686300
2022-06-22 00:00:00-04:00,53.56999969,54.74000168,53.56000137,54.29999924,51.06176758,1884800
2022-06-23 00:00:00-04:00,54.47999954,54.93999863,54.31999969,54.88999939,51.61658096,1728000
2022-06-24 00:00:00-04:00,55.20000076,56.15000153,55.13999939,56.11999893,52.77323151,1694600
2022-06-27 00:00:00-04:00,56.25999832,56.38000107,56.02899933,56.20000076,52.84846115,2084400
2022-06-28 00:00:00-04:00,56.36000061,56.65000153,55.40000153,55.45999908,52.15258789,2178200
2022-06-29 00:00:00-04:00,55.54999924,55.70299911,55.29999924,55.52999878,52.21841431,2061400
2022-06-30 00:00:00-04:00,55.09000015,55.79999924,54.90100098,55.45000076,52.14318466,2568000
2022-07-01 00:00:00-04:00,54.77000046,55.58000183,54.68000031,55.5,52.78131866,1809800
2022-07-05 00:00:00-04:00,54.90999985,55.15999985,54.29999924,55.11000061,52.41042709,2796300
2022-07-06 00:00:00-04:00,55.25,55.75,55.06000137,55.45000076,52.73376846,1804600
2022-07-07 00:00:00-04:00,55.75,55.86999893,55.45000076,55.63999939,52.91445923,2060900
2022-07-08 00:00:00-04:00,55.63999939,55.84000015,55.47000122,55.52999878,52.80984879,2530700
2022-07-11 00:00:00-04:00,55.45999908,55.77999878,55.43999863,55.61999893,52.89544296,1717600
2022-07-12 00:00:00-04:00,55.5,55.68999863,55.02000046,55.22999954,52.52453995,2123000
2022-07-13 00:00:00-04:00,54.79999924,55.34000015,54.65999985,54.88999939,52.20119858,3088900
2022-07-14 00:00:00-04:00,54.66999817,54.91999817,54.20000076,54.88999939,52.20119858,2471400
2022-07-15 00:00:00-04:00,55.22000122,55.63499832,55.22000122,55.52999878,52.80984879,2629500
2022-07-18 00:00:00-04:00,56,56.00500107,55.06999969,55.18999863,52.4865036,2782900
2022-07-19 00:00:00-04:00,55.52000046,55.97999954,55.47000122,55.88000107,53.14270782,2361400
2022-07-20 00:00:00-04:00,55.91999817,55.96699905,55.5870018,55.77000046,53.03809357,2338600
2022-07-21 00:00:00-04:00,55.77999878,56.04999924,55.63000107,56.04999924,53.30437469,2081800
2022-07-22 00:00:00-04:00,56.13000107,56.29800034,56.02000046,56.20000076,53.44702911,3578000
2022-07-25 00:00:00-04:00,56.29000092,56.56999969,56.23899841,56.50999832,53.74184036,1953100
2022-07-26 00:00:00-04:00,56.45999908,56.56999969,56.30099869,56.5,53.73233414,2247900
2022-07-27 00:00:00-04:00,56.65000153,56.84999847,56.42200089,56.74000168,53.96057892,2795200
2022-07-28 00:00:00-04:00,56.83000183,57.38999939,56.68999863,57.33000183,54.52167511,3044200
2022-07-29 00:00:00-04:00,57.27999878,57.49000168,57.22999954,57.43000031,54.61677551,4366400
2022-08-01 00:00:00-04:00,56.72000122,56.81999969,56.5,56.72999954,54.42012405,2648000
2022-08-02 00:00:00-04:00,56.54000092,56.70999908,56.43999863,56.49000168,54.18989944,2482500
2022-08-03 00:00:00-04:00,56.58000183,56.79999924,56.45999908,56.66999817,54.36256409,3245500
2022-08-04 00:00:00-04:00,56.63999939,56.79399872,56.56000137,56.68999863,54.38175201,2555500
2022-08-05 00:00:00-04:00,56.47999954,56.83000183,56.42499924,56.81000137,54.49687195,2825200
2022-08-08 00:00:00-04:00,56.93000031,57.09600067,56.85499954,56.99000168,54.66954041,2375600
2022-08-09 00:00:00-04:00,56.99000168,57.18000031,56.97999954,57.11999893,54.79424286,2136000
2022-08-10 00:00:00-04:00,57.34000015,57.41999817,57.22000122,57.34999847,55.01488113,5960300
2022-08-11 00:00:00-04:00,57.50999832,57.59000015,57.24000168,57.29999924,54.96691513,3273900
2022-08-12 00:00:00-04:00,57.40000153,57.61999893,57.31999969,57.61999893,55.27388382,8705500
2022-08-15 00:00:00-04:00,57.52999878,57.77000046,57.5,57.77000046,55.41778183,2430800
2022-08-16 00:00:00-04:00,57.72999954,57.88999939,57.65000153,57.83000183,55.47533417,2865300
2022-08-17 00:00:00-04:00,57.65000153,57.79000092,57.56000137,57.70999908,55.36021805,2691200
2022-08-18 00:00:00-04:00,57.75999832,57.84999847,57.68000031,57.83000183,55.47533417,2376600
2022-08-19 00:00:00-04:00,57.65999985,57.84999847,57.65000153,57.79000092,55.43696594,3008500
2022-08-22 00:00:00-04:00,57.59999847,57.70000076,57.36000061,57.38999939,55.05324936,3659500
2022-08-23 00:00:00-04:00,57.43000031,57.49000168,57.06000137,57.16999817,54.84220886,2641500
2022-08-24 00:00:00-04:00,57.25,57.43500137,57.15999985,57.24000168,54.90935898,2644300
2022-08-25 00:00:00-04:00,57.41999817,57.75,57.25999832,57.75,55.3985939,2536500
2022-08-26 00:00:00-04:00,57.75,57.7859993,56.5,56.61999893,54.3146019,3604700
2022-08-29 00:00:00-04:00,56.25999832,56.65999985,56.09999847,56.31999969,54.02682114,4346800
2022-08-30 00:00:00-04:00,56.45000076,56.47000122,55.52000046,55.68999863,53.42247009,3579800
2022-08-31 00:00:00-04:00,55.84000015,55.97900009,55.24000168,55.25999832,53.00997925,2931000
2022-09-01 00:00:00-04:00,54.50999832,55.09000015,54.34999847,55.06999969,53.36756897,3455200
2022-09-02 00:00:00-04:00,55.40000153,55.63999939,54.29999924,54.45000076,52.76673508,2367000
2022-09-06 00:00:00-04:00,54.61999893,54.97999954,54.27999878,54.52000046,52.83457565,2242200
2022-09-07 00:00:00-04:00,54.52999878,55.44499969,54.5,55.34000015,53.62922287,2926500
2022-09-08 00:00:00-04:00,55.20000076,55.69499969,55.04999924,55.65999985,53.93932724,2200300
2022-09-09 00:00:00-04:00,55.90999985,56.24499893,55.77999878,56.15000153,54.41418457,2329400
2022-09-12 00:00:00-04:00,56.36999893,56.56000137,56.27999878,56.43999863,54.69521332,3119200
2022-09-13 00:00:00-04:00,55.77000046,55.83000183,54.66999817,54.66999817,52.97993469,5235300
2022-09-14 00:00:00-04:00,55,55.08000183,54.5530014,54.86999893,53.17375183,2418200
2022-09-15 00:00:00-04:00,54.81999969,54.9070015,54.32099915,54.43000031,52.7473526,5523100
2022-09-16 00:00:00-04:00,54,54.25,53.86000061,54.20000076,52.52446747,3100600
2022-09-19 00:00:00-04:00,53.95000076,54.52799988,53.90000153,54.50999832,52.82488251,2450400
2022-09-20 00:00:00-04:00,54.25,54.31000137,53.61399841,54.02000046,52.35003281,2833900
2022-09-21 00:00:00-04:00,54.16999817,54.45000076,53.29000092,53.33000183,51.68136215,3832700
2022-09-22 00:00:00-04:00,53.31999969,53.40000153,52.96900177,53.09000015,51.44878006,3791100
2022-09-23 00:00:00-04:00,52.58499908,52.70999908,51.97000122,52.52999878,50.9060936,5522500
2022-09-26 00:00:00-04:00,52.36000061,52.52999878,51.73500061,52.02000046,50.4118576,4134200
2022-09-27 00:00:00-04:00,52.41999817,52.54999924,51.43000031,51.65999985,50.06298828,3522700
2022-09-28 00:00:00-04:00,51.88999939,52.74900055,51.75,52.56000137,50.93516541,2749300
2022-09-29 00:00:00-04:00,52.25999832,52.34999847,51.52000046,51.86000061,50.25680542,2849300
2022-09-30 00:00:00-04:00,51.79000092,52.04000092,51.15999985,51.22999954,49.64627838,4065000
2022-10-03 00:00:00-04:00,51.15000153,52.11999893,51.06999969,51.95000076,50.82118607,3744800
2022-10-04 00:00:00-04:00,52.36999893,52.95000076,52.34999847,52.95000076,51.79945755,2927700
2022-10-05 00:00:00-04:00,52.52000046,53.09999847,52.32600021,52.81999969,51.67227936,3027800
2022-10-06 00:00:00-04:00,52.75,52.86000061,52.11999893,52.22999954,51.09509659,2895400
2022-10-07 00:00:00-04:00,51.93999863,51.97000122,51.06999969,51.31999969,50.20487213,3006900
2022-10-10 00:00:00-04:00,51.36000061,51.54999924,50.97000122,51.25,50.13639069,2958300
2022-10-11 00:00:00-04:00,51.06000137,51.63199997,50.95999908,51.13000107,50.01900101,3286700
2022-10-12 00:00:00-04:00,51.20199966,51.40000153,50.84999847,50.88000107,49.77443314,2510200
2022-10-13 00:00:00-04:00,50.13000107,52.02999878,49.91999817,51.84999847,50.72335815,5004300
2022-10-14 00:00:00-04:00,52.18000031,52.36000061,51.08499908,51.13000107,50.01900101,2885800
2022-10-17 00:00:00-04:00,51.70999908,52.15999985,51.68500137,52,50.87009811,3039100
2022-10-18 00:00:00-04:00,52.70000076,52.82899857,52.16999817,52.5,51.35923386,2947500
2022-10-19 00:00:00-04:00,52.36000061,52.47999954,51.88000107,52.11999893,50.98748779,3974400
2022-10-20 00:00:00-04:00,52.15999985,52.36000061,51.54999924,51.61999893,50.49835205,1883900
2022-10-21 00:00:00-04:00,51.63000107,52.5,51.5,52.43000031,51.29075241,2154400
2022-10-24 00:00:00-04:00,52.70000076,53.13999939,52.63999939,52.97999954,51.8288002,3827100
2022-10-25 00:00:00-04:00,53.04000092,53.47000122,53.00999832,53.43000031,52.2690239,4329600
2022-10-26 00:00:00-04:00,53.36999893,53.87400055,53.36999893,53.61000061,52.44511414,3752400
2022-10-27 00:00:00-04:00,53.90000153,54.16899872,53.76100159,53.81999969,52.65055084,2797000
2022-10-28 00:00:00-04:00,53.93000031,54.65999985,53.90000153,54.63000107,53.4429512,3344500
2022-10-31 00:00:00-04:00,54.59000015,54.77999878,54.45999908,54.56999969,53.38425064,5064200
2022-11-01 00:00:00-04:00,54.09999847,54.13999939,53.75,53.90999985,53.33083344,3024800
2022-11-02 00:00:00-04:00,53.98600006,54.34000015,53.29999924,53.34999847,52.77684784,3686300
2022-11-03 00:00:00-04:00,53.06000137,53.56000137,52.97999954,53.27999878,52.70759964,3804300
2022-11-04 00:00:00-04:00,53.72999954,53.97999954,53.19499969,53.79999924,53.22201538,3141600
2022-11-07 00:00:00-05:00,54,54.24499893,53.8390007,54.15999985,53.57814789,3042400
2022-11-08 00:00:00-05:00,54.31999969,54.74000168,54.13499832,54.5,53.91449738,4025200
2022-11-09 00:00:00-05:00,54.31999969,54.52999878,53.90999985,53.91999817,53.34072495,2560300
2022-11-10 00:00:00-05:00,55.11000061,55.27000046,54.79999924,55.18999863,54.59708023,4690400
2022-11-11 00:00:00-05:00,55.22000122,55.27000046,54.71900177,54.90000153,54.31019974,2727400
2022-11-14 00:00:00-05:00,54.95000076,55.27999878,54.90499878,54.95999908,54.36955261,3505800
2022-11-15 00:00:00-05:00,55.31999969,55.31999969,54.75,55.06000137,54.46847916,4677000
2022-11-16 00:00:00-05:00,55.11999893,55.34000015,55.02000046,55.20000076,54.60697556,2720400
2022-11-17 00:00:00-05:00,55,55.20000076,54.91999817,55.15999985,54.5674057,3046000
2022-11-18 00:00:00-05:00,55.36999893,55.65999985,55.36999893,55.59000015,54.99278641,3318100
2022-11-21 00:00:00-05:00,55.63000107,55.95000076,55.59999847,55.90000153,55.29945755,4278000
2022-11-22 00:00:00-05:00,56.19499969,56.27999878,56.06000137,56.20999908,55.60612488,3420000
2022-11-23 00:00:00-05:00,56.20000076,56.36299896,56.20000076,56.33000183,55.72483826,2472700
2022-11-25 00:00:00-05:00,56.43000031,56.54000092,56.43000031,56.52000046,55.91279602,1311100
2022-11-28 00:00:00-05:00,56.5,56.51900101,56.08499908,56.16999817,55.56655121,2933100
2022-11-29 00:00:00-05:00,56.25999832,56.25999832,55.90000153,56.15000153,55.546772,3274100
2022-11-30 00:00:00-05:00,56.15399933,56.77999878,55.92200089,56.77999878,56.16999817,4311500
2022-12-01 00:00:00-05:00,56.11000061,56.32500076,55.97999954,56.11999893,56.11999893,4228200
2022-12-02 00:00:00-05:00,55.95000076,56.27999878,55.81000137,56.15999985,56.15999985,2960800
2022-12-05 00:00:00-05:00,56.13999939,56.13999939,55.81999969,55.91999817,55.91999817,3369000
2022-12-06 00:00:00-05:00,55.97000122,55.97000122,55.31499863,55.56999969,55.56999969,3562800
2022-12-07 00:00:00-05:00,55.50999832,55.83000183,55.47000122,55.59999847,55.59999847,3500400
2022-12-08 00:00:00-05:00,55.75999832,56.02000046,55.66999817,55.88000107,55.88000107,3607200
2022-12-09 00:00:00-05:00,55.84999847,55.99000168,55.54999924,55.54999924,55.54999924,3010400
2022-12-12 00:00:00-05:00,55.61999893,56.24000168,55.61999893,56.24000168,56.24000168,2824800
2022-12-13 00:00:00-05:00,56.90000153,56.91999817,56.04499817,56.33000183,56.33000183,5682800
2022-12-14 00:00:00-05:00,56.34000015,56.72999954,56.02000046,56.20999908,56.20999908,3769500
2022-12-15 00:00:00-05:00,55.91999817,55.95999908,55.09500122,55.31000137,55.31000137,4807300
2022-12-16 00:00:00-05:00,55,55,54.47999954,54.81999969,54.81999969,4840200
2022-12-19 00:00:00-05:00,54.74000168,55,54.27000046,54.50999832,54.50999832,4034600
2022-12-20 00:00:00-05:00,54.45999908,54.74000168,54.23400116,54.54999924,54.54999924,3567500
2022-12-21 00:00:00-05:00,54.88999939,55.38000107,54.81999969,55.22999954,55.22999954,3440700
2022-12-22 00:00:00-05:00,55,55,54.09999847,54.83000183,54.83000183,3593000
2022-12-23 00:00:00-05:00,54.79999924,55.16999817,54.63999939,55.16999817,55.16999817,3100600
2022-12-27 00:00:00-05:00,55.29999924,55.40999985,54.99000168,55.29999924,55.29999924,3353400
2022-12-28 00:00:00-05:00,55.31999969,55.5,54.72000122,54.75,54.75,4093200
2022-12-29 00:00:00-05:00,54.50999832,54.86000061,54.36000061,54.72999954,54.72999954,4576900
2022-12-30 00:00:00-05:00,54.61999893,54.61999893,54.06000137,54.49000168,54.49000168,3994800
2023-01-03 00:00:00-05:00,54.72000122,54.76200104,54.04000092,54.47000122,54.47000122,3670100
2023-01-04 00:00:00-05:00,54.61000061,54.93000031,54.41999817,54.74000168,54.74000168,3526900
2023-01-05 00:00:00-05:00,54.57799911,54.57799911,54.08499908,54.18000031,54.18000031,3480000
2023-01-06 00:00:00-05:00,54.54000092,55.27999878,54.36000061,55.18000031,55.18000031,4904600
2023-01-09 00:00:00-05:00,55.33000183,55.54000092,54.97000122,55.02000046,55.02000046,6390600
2023-01-10 00:00:00-05:00,55.01800156,55.18999863,54.86999893,55.18999863,55.18999863,4676100
2023-01-11 00:00:00-05:00,55.22000122,55.5,55.22000122,55.5,55.5,4556400
2023-01-12 00:00:00-05:00,55.54999924,55.70000076,55.31100082,55.56000137,55.56000137,5013000
2023-01-13 00:00:00-05:00,55.38000107,55.75500107,55.38000107,55.70000076,55.70000076,3626500
2023-01-17 00:00:00-05:00,55.70999908,55.88999939,55.54999924,55.56000137,55.56000137,4028700
2023-01-18 00:00:00-05:00,55.68999863,55.70000076,54.84999847,54.93000031,54.93000031,5801900
2023-01-19 00:00:00-05:00,54.79000092,54.86000061,54.59999847,54.63000107,54.63000107,4389600
2023-01-20 00:00:00-05:00,54.72000122,54.82500076,54.5,54.82500076,54.82500076,1161260